case,artifact,absolute_path,bytes,sha256,GT_use_only
10163,finaljson,/home/minsujo/Desktop/SH/PHYSx/staging/articulated-sampling-10163-20260927T154942Z-fc8c4d6127dc/work/physxnet/finaljson/10163.json,1775,e0152ed8324c1f0df6061430050c1088cb72ea0323ea2f354aa1f01ae480fdb2,true
10163,part_0_obj,/home/minsujo/Desktop/SH/PHYSx/staging/articulated-sampling-10163-20260927T154942Z-fc8c4d6127dc/work/physxnet/partseg/10163/objs/0.obj,958582,2ccd13186555e6819fd7069340f9b38f8ca440352ec9806193d9348d91c9ff03,true
10163,part_1_obj,/home/minsujo/Desktop/SH/PHYSx/staging/articulated-sampling-10163-20260927T154942Z-fc8c4d6127dc/work/physxnet/partseg/10163/objs/1.obj,766606,79d58017c7a498efcced7d38353e01c097271ffe9688f140392dc18273573735,true
29806,finaljson,/home/minsujo/Desktop/SH/PHYSx/staging/articulated-sampling-29806-20260926T220010Z-ac2c1dfab94d/work/physxnet/finaljson/29806.json,5386,f098a70a07be7409c03e3b86b508e404ff87ff4144b26e3ade85a52f5195e34a,true
29806,part_0_obj,/home/minsujo/Desktop/SH/PHYSx/staging/articulated-sampling-29806-20260926T220010Z-ac2c1dfab94d/work/physxnet/partseg/29806/objs/0.obj,152692,660c6d1c95c25f807074d1c2e94f6c58a89efcf9d6ff7be85dd3a03d3b8cd3f6,true
29806,part_1_obj,/home/minsujo/Desktop/SH/PHYSx/staging/articulated-sampling-29806-20260926T220010Z-ac2c1dfab94d/work/physxnet/partseg/29806/objs/1.obj,58448,f85e5eb0bd8974abac9b178818b06ce94b430a08fc7abb20ab8cb378bf9b3d42,true
29806,part_2_obj,/home/minsujo/Desktop/SH/PHYSx/staging/articulated-sampling-29806-20260926T220010Z-ac2c1dfab94d/work/physxnet/partseg/29806/objs/2.obj,71135,f781136991f4dd7db6a71e86fe3427d86900c6f2a21c6cc17d00ba1e254488b7,true
29806,part_3_obj,/home/minsujo/Desktop/SH/PHYSx/staging/articulated-sampling-29806-20260926T220010Z-ac2c1dfab94d/work/physxnet/partseg/29806/objs/3.obj,71781,f430f8600543ff0321cccebf2ad3803649393fa77fae32303049996275aba170,true
29806,part_4_obj,/home/minsujo/Desktop/SH/PHYSx/staging/articulated-sampling-29806-20260926T220010Z-ac2c1dfab94d/work/physxnet/partseg/29806/objs/4.obj,214993,8024900301d4bcd10786052e8240e04a540a08cf5f26fbd53d0f5a0a3ba17012,true
29806,part_5_obj,/home/minsujo/Desktop/SH/PHYSx/staging/articulated-sampling-29806-20260926T220010Z-ac2c1dfab94d/work/physxnet/partseg/29806/objs/5.obj,53123,9ea055be730ba8e81e0e56c4a0b22ba44e3d402120d27067d5f4078792c0671b,true
29806,part_6_obj,/home/minsujo/Desktop/SH/PHYSx/staging/articulated-sampling-29806-20260926T220010Z-ac2c1dfab94d/work/physxnet/partseg/29806/objs/6.obj,52104,e642c76a6963e624963dae9eebee1a2eaa37f2fa88a8c769d7ca050d08f3fdcd,true
29806,part_7_obj,/home/minsujo/Desktop/SH/PHYSx/staging/articulated-sampling-29806-20260926T220010Z-ac2c1dfab94d/work/physxnet/partseg/29806/objs/7.obj,170209,974773e27404d913bd4acadf2f6424d7ecb5279a9420aea8b50817b1de1b1501,true
29354,finaljson,/home/minsujo/Desktop/SH/PHYSx/staging/merge-29354-20260925T180423Z/physxnet/finaljson/29354.json,3536,cf687c21110697a6ed1fc25146a8b101d789ae82acfd1b11a7e309a5b15b3600,true
29354,part_0_obj,/home/minsujo/Desktop/SH/PHYSx/staging/merge-29354-20260925T180423Z/physxnet/partseg/29354/objs/0.obj,107518,5fdff00d91b80928bba62f14d0b1032d9fa5bddbd22ddbc36aeb4c52ab255087,true
29354,part_1_obj,/home/minsujo/Desktop/SH/PHYSx/staging/merge-29354-20260925T180423Z/physxnet/partseg/29354/objs/1.obj,518571,1e968c4104ac4ac41e19f89b15cf910fb7c6745249c25dd3c0b8f10eedd2dc13,true
29354,part_2_obj,/home/minsujo/Desktop/SH/PHYSx/staging/merge-29354-20260925T180423Z/physxnet/partseg/29354/objs/2.obj,1228,3cdedd1b03d4d311bd54740c7831e53c5ef5e30be1b2ef57e3fd06cbc98cabeb,true
29354,part_3_obj,/home/minsujo/Desktop/SH/PHYSx/staging/merge-29354-20260925T180423Z/physxnet/partseg/29354/objs/3.obj,1245,33f8f6acc93f807680dc544550be8f4be57c6e3deb5f01f337751eebe08ef8dd,true
29354,part_4_obj,/home/minsujo/Desktop/SH/PHYSx/staging/merge-29354-20260925T180423Z/physxnet/partseg/29354/objs/4.obj,1228,fa48aea6e9ecce2d87ff10a809ab1f2fc0e5a08b8b5e08cd74d227a02a46f234,true
29354,part_5_obj,/home/minsujo/Desktop/SH/PHYSx/staging/merge-29354-20260925T180423Z/physxnet/partseg/29354/objs/5.obj,1211,c1620221d56bf80a45dd450e2ea765d01b48e91be3fb7b0b9ab3463b0d0ccc82,true
