case,group,source,status,simulation,result,evidence
10163,automatic_prediction,generated_output,INTERPRETATION_BLOCKED,not_run,group_1_has_5_vertices_and_joint_contract_unresolved,../2026-09-29_생성결과_관절명세_감사/README.md
10163,manual_correction,none,NOT_PERFORMED,not_run,no_correction_or_active_edit_time,README.md
10163,GT_control,GT_finaljson_group_info_partseg,PASS,executed,one_revolute_dof_tensor_drive,../2026-10-02_GT_only_IsaacSim_물리구동_대조군/20261002T105035Z_10163_GT_only_물리구동_결과/summary.json
29806_frame_006,automatic_prediction,generated_output,INTERPRETATION_BLOCKED,not_run,one_meaningful_moving_candidate_and_joint_contract_unresolved,../2026-09-29_생성결과_관절명세_감사/README.md
29806_frame_006,manual_correction,none,NOT_PERFORMED,not_run,no_correction_or_active_edit_time,README.md
29806_frame_006,GT_control,GT_finaljson_group_info_partseg,PASS,executed,three_revolute_dofs_driven_individually,../2026-10-02_GT_only_IsaacSim_물리구동_대조군/20261002T110246Z_29806_GT_only_물리구동_결과/summary.json
29354,automatic_prediction,generated_output,NO_DEPLOYABLE_JOINT_SPEC,not_run,no_retained_14ch_property_head_and_tiny_false_group,../2026-09-29_생성결과_관절명세_감사/README.md
29354,manual_correction,none,NOT_PERFORMED,not_run,no_correction_or_active_edit_time,README.md
29354,GT_control,GT_finaljson_group_info_partseg,PASS,executed,zero_dof_180_passive_steps,../2026-10-02_GT_only_IsaacSim_29354_고정대조군/20261002T113459Z_29354_GT_only_고정대조군_결과/summary.json
