object_id,name,type,parent,child,origin_xyz,origin_rpy,axis,lower,upper
10163,world_fixed,fixed,world,l_1,0 0 0,0 0 0,,,
10163,fixed_abs_1,fixed,abstract_1,l_0,-0.5859396457672119 0.1837833821773529 0.15396516025066376,0 0 0,,,
10163,gt_C_1,revolute,l_1,abstract_1,0.5859396457672119 -0.1837833821773529 -0.15396516025066376,0 0 0,-1 0 0,-1.5707963267948966,1.5707963267948966
29806,world_fixed,fixed,world,l_0,0 0 0,0 0 0,,,
29806,fixed_0_4,fixed,l_0,l_4,0 0 0,0 0 0,,,
29806,fixed_4_5,fixed,l_4,l_5,0 0 0,0 0 0,,,
29806,fixed_5_6,fixed,l_5,l_6,0 0 0,0 0 0,,,
29806,fixed_6_7,fixed,l_6,l_7,0 0 0,0 0 0,,,
29806,fixed_abs_1,fixed,abstract_1,l_1,-0.8148394417762757 -0.2987506091594696 0.22010788321495056,0 0 0,,,
29806,gt_C_1,revolute,l_0,abstract_1,0.8148394417762757 0.2987506091594696 -0.22010788321495056,0 0 0,0 1 0,-3.141592653589793,0.0
29806,fixed_abs_2,fixed,abstract_2,l_2,-0.25272891879081727 -0.3085097372531891 0.22462722659111023,0 0 0,,,
29806,gt_C_2,revolute,l_0,abstract_2,0.25272891879081727 0.3085097372531891 -0.22462722659111023,0 0 0,0 1 0,-3.141592653589793,0.0
29806,fixed_abs_3,fixed,abstract_3,l_3,0.2784666121006012 0.3179835081100464 0.22822706401348114,0 0 0,,,
29806,gt_C_3,revolute,l_0,abstract_3,-0.2784666121006012 -0.3179835081100464 -0.22822706401348114,0 0 0,0 1 0,-3.141592653589793,0.0
29354,world_fixed,fixed,world,l_0,0 0 0,0 0 0,,,
29354,fixed_0_1,fixed,l_0,l_1,0 0 0,0 0 0,,,
29354,fixed_1_2,fixed,l_1,l_2,0 0 0,0 0 0,,,
29354,fixed_2_3,fixed,l_2,l_3,0 0 0,0 0 0,,,
29354,fixed_3_4,fixed,l_3,l_4,0 0 0,0 0 0,,,
29354,fixed_4_5,fixed,l_4,l_5,0 0 0,0 0 0,,,
