display_category,source_relative_path,results_view_relative_path,bytes,sha256,match
01_원본_table_예제,04_PhysX-3D/02_실행증거/증거/2026-09-22_원본_table_예제영상/README.md,04_PhysX-3D/00_결과보기/결과영상/01_원본_table_예제/README.md,1117,3c29a0fb8fe671161b9b296ca817d72ace379674976bc6d72614442ab6baa77a,true
01_원본_table_예제,04_PhysX-3D/02_실행증거/증거/2026-09-22_원본_table_예제영상/rgb.mp4,04_PhysX-3D/00_결과보기/결과영상/01_원본_table_예제/rgb.mp4,31444,192a42d0db0c1123f9b5a68ca075d01039159cb403e852636b537d8e722ecb2c,true
01_원본_table_예제,04_PhysX-3D/02_실행증거/증거/2026-09-22_원본_table_예제영상/material.mp4,04_PhysX-3D/00_결과보기/결과영상/01_원본_table_예제/material.mp4,85137,ac6ff1aa2ce7a7e80337ec8233cfe11f1ae4ef2b6f898d2fcd6b79296c3c6330,true
01_원본_table_예제,04_PhysX-3D/02_실행증거/증거/2026-09-22_원본_table_예제영상/affordance.mp4,04_PhysX-3D/00_결과보기/결과영상/01_원본_table_예제/affordance.mp4,80233,a87415fd6ddbf1db4c5edce5e8c3cf2a8f8bab10b2ab97489f594a6e132b3950,true
01_원본_table_예제,04_PhysX-3D/02_실행증거/증거/2026-09-22_원본_table_예제영상/description.mp4,04_PhysX-3D/00_결과보기/결과영상/01_원본_table_예제/description.mp4,66816,48c10e4bd5f01c68be956051f9046a76377737c9c46d1ff4cdc85878997f0b67,true
02_노트북_힌지_10163,04_PhysX-3D/02_실행증거/증거/2026-09-28_노트북_힌지후보_10163_v2/README.md,04_PhysX-3D/00_결과보기/결과영상/02_노트북_힌지_10163/README.md,4287,5b6043f0d7b4804dbde2354dc755e72d1c0c7fcdfa7af5c22acb406edd36f5d6,true
02_노트북_힌지_10163,04_PhysX-3D/02_실행증거/증거/2026-09-28_노트북_힌지후보_10163_v2/laptop_hinge_comparison.mp4,04_PhysX-3D/00_결과보기/결과영상/02_노트북_힌지_10163/laptop_hinge_comparison.mp4,99540,4299165aae7bf3e6b6d8d763ec32fada07e58bd9f703b2336bc5eabc439e437f,true
02_노트북_힌지_10163,04_PhysX-3D/02_실행증거/증거/2026-09-28_노트북_힌지후보_10163_v2/laptop_hinge_comparison_poster.png,04_PhysX-3D/00_결과보기/결과영상/02_노트북_힌지_10163/laptop_hinge_comparison_poster.png,34055,0d53075c02ee1247fade0a7cf85e1be30b956ff1b668c9a9dc5d348b3174713e,true
02_노트북_힌지_10163,04_PhysX-3D/02_실행증거/증거/2026-09-28_노트북_힌지후보_10163_v2/conditioning_000.png,04_PhysX-3D/00_결과보기/결과이미지/02_노트북_힌지_10163/conditioning_000.png,617066,1ab5c5ca9ec79bb22f0ce3a20943020de6bcbd57386d5b44f9624e53e4b19574,true
02_노트북_힌지_10163,04_PhysX-3D/02_실행증거/증거/2026-09-28_노트북_힌지후보_10163_v2/mesh_preview.png,04_PhysX-3D/00_결과보기/결과이미지/02_노트북_힌지_10163/mesh_preview.png,78517,76a1ac3932f9904fe1f08733afa951fb8b9d8896e834dac408aa64f2a6fa7624,true
02_노트북_힌지_10163,04_PhysX-3D/02_실행증거/증거/2026-09-28_노트북_힌지후보_10163_v2/predicted_group_preview.png,04_PhysX-3D/00_결과보기/결과이미지/02_노트북_힌지_10163/predicted_group_preview.png,342506,a34ae38d5f42b157476f5e330a59b4925bb1c65eb35f16254243dd07e9bb36b7,true
03_수납장_힌지_29806_GT,04_PhysX-3D/02_실행증거/증거/2026-09-28_수납장_힌지구조_GT_시각화/README.md,04_PhysX-3D/00_결과보기/결과영상/03_수납장_힌지_29806/01_힌지구조_GT_설명/README.md,1330,aaa0b056ffbcdaf27ee5c048960286e62b20028dd2308e68dd55bee65094bdb1,true
03_수납장_힌지_29806_GT,04_PhysX-3D/02_실행증거/증거/2026-09-28_수납장_힌지구조_GT_시각화/cabinet_hinge_reference.mp4,04_PhysX-3D/00_결과보기/결과영상/03_수납장_힌지_29806/01_힌지구조_GT_설명/cabinet_hinge_reference.mp4,49591,2997363246c926388bbaff40171de20ff157091e281f682bbe856266eeaf1854,true
03_수납장_힌지_29806_GT,04_PhysX-3D/02_실행증거/증거/2026-09-28_수납장_힌지구조_GT_시각화/cabinet_hinge_reference_poster.png,04_PhysX-3D/00_결과보기/결과영상/03_수납장_힌지_29806/01_힌지구조_GT_설명/cabinet_hinge_reference_poster.png,69791,0722b1a427c886c80fb61dda114ed1694830a9df8e589f00128d14e6f13f2911,true
03_수납장_힌지_29806_AI,04_PhysX-3D/02_실행증거/증거/2026-09-28_수납장_회전힌지후보_29806/README.md,04_PhysX-3D/00_결과보기/결과영상/03_수납장_힌지_29806/02_AI_생성결과_비교/README.md,2108,bd2aead1badeb72497501e39748123164114516e154006c71595a536bfcf5afe,true
03_수납장_힌지_29806_AI,04_PhysX-3D/02_실행증거/증거/2026-09-28_수납장_회전힌지후보_29806/cabinet_hinge_comparison.mp4,04_PhysX-3D/00_결과보기/결과영상/03_수납장_힌지_29806/02_AI_생성결과_비교/cabinet_hinge_comparison.mp4,163211,1c5ddfb237fc8dc65a71ef6d7dc7e20f9acab8890456a2279516adeaf9f31669,true
03_수납장_힌지_29806_AI,04_PhysX-3D/02_실행증거/증거/2026-09-28_수납장_회전힌지후보_29806/cabinet_hinge_comparison_poster.png,04_PhysX-3D/00_결과보기/결과영상/03_수납장_힌지_29806/02_AI_생성결과_비교/cabinet_hinge_comparison_poster.png,94007,86696c726b076b100f0ec50d0078b38d8ccf6dc2bc98058e8a624bcaa23705ad,true
04_로봇팔_응용개념시연,04_PhysX-3D/00_결과보기/응용개념시연/2026-09-28_로봇팔_제조시뮬레이션_개념시연/README.md,04_PhysX-3D/00_결과보기/결과영상/04_로봇팔_응용개념시연/README.md,2741,4e54128728acee4eeb0fdf68f00aabdb0f95b358323605756782813ba22e5845,true
04_로봇팔_응용개념시연,04_PhysX-3D/00_결과보기/응용개념시연/2026-09-28_로봇팔_제조시뮬레이션_개념시연/robot_arm_manufacturing_concept.mp4,04_PhysX-3D/00_결과보기/결과영상/04_로봇팔_응용개념시연/robot_arm_manufacturing_concept.mp4,72925,27be8cc796140bcb94cc8c7a86775fe27ed2107c41405b2076892a733a77fcf5,true
04_로봇팔_응용개념시연,04_PhysX-3D/00_결과보기/응용개념시연/2026-09-28_로봇팔_제조시뮬레이션_개념시연/robot_arm_manufacturing_concept_poster.png,04_PhysX-3D/00_결과보기/결과영상/04_로봇팔_응용개념시연/robot_arm_manufacturing_concept_poster.png,130389,94b302dee61125d862ba8b48ae2c09e0cda7a7aa4e632aa84ce26cf00e33bb35,true
