case,part_group,field,status,value_or_observation,artifact_or_code_evidence
10163,group_0_1,artifact,AVAILABLE_FROM_PREDICTION,"mesh SHA256 2a301ff55af48d244642c2e06ed1358a96ed1240ef37428d9c782572e578b7cb; raw SHA256 bcc117a8cd0de52f57b5152f738d574673c07f6c6cbc402968b35f42be361fb2; property SHA256 b2b2ac4bbf5d5b6b7bef32e879e856a1a96bcfdd741016c6338f28fbd477fcb4","staging/public-only-v1-extension-decoder-10163-20260927T155248Z-da944aafa535/{mesh,articulation_audit}"
10163,group_0_1,part/group,DERIVED_BY_FIXED_RULE,"round(max(channel_3))+1=2; group_0=378679 vertices; group_1=5 vertices","official_result.json; example.py:194,204-206"
10163,group_1,parent,INTERPRETATION_UNKNOWN,"channel_4 group mean=-0.482923; official parent expression shape mismatch","vertex_physics_14ch.pt; official_result.json:indexing; example.py:207"
10163,group_1,joint_type,DERIVED_BY_FIXED_RULE,"channel_13 group mean=0.859636; round=1; example display maps 1 to D hinge","vertex_physics_14ch.pt; example.py:211-212,270-280"
10163,group_1,axis,INTERPRETATION_UNKNOWN,"raw movement[0:3]=[-0.0960385,0.0746828,-0.0691804]; frame/unit/layout not established","vertex_physics_14ch.pt; example.py:211,266"
10163,group_1,origin,INTERPRETATION_UNKNOWN,"raw movement[3:6]=[0.0725283,0.0655059,-0.212472]; frame/unit/layout not established","vertex_physics_14ch.pt; example.py:211,266"
10163,group_1,lower_upper_limit,INTERPRETATION_UNKNOWN,"raw movement[6:8]=[-0.358941,0.0463287]; unit/normalization inverse not established","vertex_physics_14ch.pt; example.py:211,269"
10163,group_1,coordinate_frame,INTERPRETATION_UNKNOWN,"no public generated-output frame contract","example.py:179-185,211,266"
10163,group_1,units,INTERPRETATION_UNKNOWN,"no public generated-output joint unit contract","example.py:179-185,211,269"
29806_frame_006,group_0_1_2,artifact,AVAILABLE_FROM_PREDICTION,"mesh SHA256 c1b548d855cf8117961d29dca9d7134549fbfd8ce5fcef445ee53837307bfd88; raw SHA256 70af4e57d04e4d9203ab03af0fff17b92fc828e97a6ec6697d56e785a48dfecc; property SHA256 9bbd9873f27194e785349f0001d45d4c365144530242a4a0d603ee45870ba507","staging/29806-viewpoint-probe-20260927T061911Z-4b32fcccb880/frame_006/{mesh,articulation_audit}"
29806_frame_006,group_0_1_2,part/group,DERIVED_BY_FIXED_RULE,"round(max(channel_3))+1=3; group_0=164632; group_1=37408; group_2=2 vertices","official_result.json; example.py:194,204-206"
29806_frame_006,group_1,parent,INTERPRETATION_UNKNOWN,"channel_4 group mean=-0.372301; official parent expression shape mismatch","vertex_physics_14ch.pt; official_result.json:indexing; example.py:207"
29806_frame_006,group_1,joint_type,DERIVED_BY_FIXED_RULE,"channel_13 group mean=0.059523; round=0; example falls back to rigid label","vertex_physics_14ch.pt; example.py:211-212,270-280"
29806_frame_006,group_1,axis,INTERPRETATION_UNKNOWN,"raw movement[0:3]=[-0.0525605,0.3013505,-0.0371195]; frame/unit/layout not established","vertex_physics_14ch.pt; example.py:211,266"
29806_frame_006,group_1,origin,INTERPRETATION_UNKNOWN,"raw movement[3:6]=[0.0125836,-0.1674775,0.0302981]; frame/unit/layout not established","vertex_physics_14ch.pt; example.py:211,266"
29806_frame_006,group_1,lower_upper_limit,INTERPRETATION_UNKNOWN,"raw movement[6:8]=[-0.1702351,0.1567036]; unit/normalization inverse not established","vertex_physics_14ch.pt; example.py:211,269"
29806_frame_006,group_2,parent,INTERPRETATION_UNKNOWN,"channel_4 group mean=-0.356868; only 2 vertices and official parent expression shape mismatch","vertex_physics_14ch.pt; official_result.json:indexing"
29806_frame_006,group_2,joint_type,DERIVED_BY_FIXED_RULE,"channel_13 group mean=0.016437; round=0; only 2 vertices","vertex_physics_14ch.pt; example.py:211-212,270-280"
29806_frame_006,group_0_1_2,coordinate_frame,INTERPRETATION_UNKNOWN,"no public generated-output frame contract","example.py:179-185,211,266"
29806_frame_006,group_0_1_2,units,INTERPRETATION_UNKNOWN,"no public generated-output joint unit contract","example.py:179-185,211,269"
29354,group_0_1,artifact,AVAILABLE_FROM_PREDICTION,"mesh SHA256 42fdb2fa623efb17d60bb833f37bbbdf9c11829b6b25eb723723623b99c1d431; raw SHA256 3afd630e568fd11dbef25a7da420e058b918a8948a656dd570c709e61d16d74c","staging/rtx5090-cached-decoder-29354-20260926T194524Z-d69f74359b60/{mesh.obj,mesh_physics_raw.pt}"
29354,group_0_1,part/group,DERIVED_BY_FIXED_RULE,"round(max(group_id))+1=2; group_0=381850; group_1=6 vertices; group_1 homogeneous triangles=0","official_code_result.json; example.py:194"
29354,group_1,parent,MISSING_FROM_OUTPUT,"current retained audit has raw 32-channel tensor but no materialized 14-channel property head result","decoder_report.json; official_code_result.json"
29354,group_1,joint_type,MISSING_FROM_OUTPUT,"same retained-output limitation","decoder_report.json; official_code_result.json"
29354,group_1,axis,MISSING_FROM_OUTPUT,"same retained-output limitation","decoder_report.json; official_code_result.json"
29354,group_1,origin,MISSING_FROM_OUTPUT,"same retained-output limitation","decoder_report.json; official_code_result.json"
29354,group_1,lower_upper_limit,MISSING_FROM_OUTPUT,"same retained-output limitation","decoder_report.json; official_code_result.json"
29354,group_1,coordinate_frame,INTERPRETATION_UNKNOWN,"no public generated-output frame contract","example.py:179-185,211,266"
29354,group_1,units,INTERPRETATION_UNKNOWN,"no public generated-output joint unit contract","example.py:179-185,211,269"
all,all,urdf_gen_dependency,GT_ONLY,"reads ./physxnet/finaljson and ./physxnet/partseg; group_info supplies parent/type/axis/origin/limits","urdf_gen.py:29-45,58-62,92-160"
