metric,paper_condition,official_code_input_function_output,local_files,missing_required,current_feasibility,condition_class
"RGB appearance PSNR","Mean over 30 random views sampled from a unit sphere","render_multiview can return 30 Hammersley RGB views; no official scorer or GT pairing","Three objects have 24-view conditioning PNG/transforms plus generated meshes","Exact random camera manifest; paired GT RGB; common renderer/mask/color space/resolution/MAX; aggregation","No","Paper-identical unavailable"
"Chamfer Distance","Geometry CD reported as x10^-3","No repository evaluator; Kaolin function is only a candidate","Generated and source meshes for 29354/24566/29806","Evaluation mesh; coordinate/scale normalization; point count; area sampling; seed; squared/direction convention; aggregation","No","Separate small-sample protocol possible"
"F-score","Threshold 0.05; reported as x10^-2","No repository evaluator","Same meshes as CD","CD common setup; precision/recall direction; boundary/empty policy; aggregation","No","Separate small-sample protocol possible"
"Absolute scale Euclidean distance","Euclidean distance on absolute scale","GT example takes max dimension; example inversely normalizes scale and averages vertices","29354 GT 120 cm and prediction 99.788567 cm; three JSON/prediction sets","Full test predictions; official duplicate/failure/object aggregation","No for paper result; yes for one-object scalar check","29354 separate one-sample check"
"Density map PSNR","PSNR on density images; density unit g/cm3","GT example assigns part density to vertices; example inversely normalizes output then display-minmaxes it","Three JSON part densities and raw/property-head predictions","Generated-vertex to GT-part correspondence; identical cameras/maps/masks; value range/MAX; fixed GT renderer; aggregation","No","Distribution observation only"
"Affordance map PSNR","PSNR on affordance images","GT example uses priority_rank; training transform and display normalization differ","Three JSON ranks and property-head predictions","Scale/direction normalization; vertex-part correspondence; cameras/maps/masks/MAX; aggregation","No","Distribution observation only"
"Description score-map PSNR","PSNR on CLIP cosine-similarity score maps","Example uses question embedding cosine map; GT example creates a random selected-part binary map","JSON descriptions and checkpoint exist; no evaluation question/map pairs","Question/type manifest; CLIP revision; target embedding/part mapping; seed; cameras/masks/MAX; aggregation","No","Unavailable even as direct official-style score"
"Kinematics COV","Instantiation Distance based set coverage","README links NAP; no PhysX-to-NAP adapter/scorer","24566 and 29806 GT/predicted group/property artifacts","Group matching; point/pose sampling; coordinates/units; NAP revision; distance-matrix direction; reference pool; duplicates/fixed handling","No","Group-count/surface observation only"
"Kinematics MMD","Instantiation Distance based minimum matching distance","Same missing path as COV","Same as COV","Complete generated-reference distance matrix and all COV shared protocol","No","Cannot replace with per-object value"
